曾柏文不会贪心,AAATTTTTTT,WWWTTTTTTT,AWWAWWWWWATWTWTWTWTW,45
叶莎,WWWTTTTTTT,WWWTTTTTTT,AAAATWTWTATTTTTTTTTT,25
谢刘浩,WWWTTTTTTT,WWWWWWWWWW,AWWAWWWWWATWTWTWTWTW,15
吴宇森,AAATTTTTTT,WWWTTTTTTT,AAAAAAAAAATATATATATA,105
王振波_v硪丿丶Z氟i,AAATTTTTTT,WWWTTTTTTT,WAWWAWWAWWTTTTTTTTTT,45
宿斯玮,WWWTTTTTTT,WWWWWWWWWW,AWWAWWWWWATTTTTTTTTT,15
彭思懿,AAATTTTTTT,WWWTTTTTTT,BABBABBABBBBBBBBBBBB,45
潘哲江,WWWWWWWWWW,WWWWWWWWWW,WWWWWWWWWWTWTWTWTWTW,0
吕书武,WWWBBBBBBB,AAAAAAAAAA,WWWWWWWWWWWWWWWWWWWW,100
赖文骞,AAAAAAAAAA,WWWTTTTTTT,TAAATATATATTTTTTTTTT,130
XmZJH,WWWWWWWWWW,WWWTTTTTTT,**********T*T*T*T*T*,0
XmZGB这次要GG,WWWWWWWWWW,WWWWWWWWWW,AWWAWWWWWATWTWTWTWTW,15
蒋世祺,WWWWWWWWWW,WWWTTTTTTT,WWWWWWWWWWWWWWWWWWWW,0
啊hzy,AAATTTTTTT,TTTTTTTTTT,TTTTTTTTTTTTTTTTTTTT,30
yza,AAATTTTTTT,WWWWWWWWWW,AAAAAATATATTTTTTTTTT,70
tqr就只会玄学算法了,AAABBBBBBB,WWWWWWWWWW,WAWWTWTATWTTTTTTTTTT,40
std,AAAAAAAAAA,AAAAAAAAAA,AAAAAAAAAAAAAAAAAAAA,300
mwy,AAATTTTTTT,WWWTTTTTTT,AAAAATTATTTTTATTTTTA,70
M,WWWWWWWWWW,WWWWWWWWWW,AAAAAAAAAATATATATATA,75
ltw,AAAAAAAAAA,WWWWWWWWWW,AAAAAAAAAATATATATATA,175
lijiabei,WWWBBBBBBB,WWWWWWWWWW,AWWATTTTTTTTTTTTTTTT,10
czk,**********,WWWBBBBBBB,WWWWTTTWTTTTTTTTTTTT,0
a沈小康sl,AAAAAAAAAA,WWWWWWWWWW,AWWAWWWWWATTTTTTTTTT,115

"R=无法运行
T=超时
M=超内存
Y=运行时错误
B=崩溃
A=正确
W=错误的答案
P=得部分分
*=程序无输出
[=缺标准输入
]=无标准输出
?=无程序
^=自定义评测错误
-=编译错误",,,,
